{
  "origin_xyz_mm": [
    -249.51,
    -436.51,
    -641.5
  ],
  "resolution_xyz_mm": [
    0.9765625,
    0.9765625,
    3
  ],
  "size_xyz_mm": [
    512,
    512,
    129
  ],
  "direction": [
    1,
    0,
    0,
    0,
    1,
    0,
    0,
    0,
    1
  ],
  "ct_hu_3d_File": "CT_Data.h5/ct_hu_3d"
}