{
  "origin_xyz_mm": [
    -265.63,
    -68,
    215.5
  ],
  "resolution_xyz_mm": [
    0.78125,
    0.78125,
    2
  ],
  "size_xyz_mm": [
    680,
    512,
    88
  ],
  "direction": [
    1,
    0,
    0,
    0,
    1,
    0,
    0,
    0,
    1
  ],
  "ct_hu_3d_File": "CT_Data.h5/ct_hu_3d"
}